<?xml version="1.0" encoding="utf-8"?>
<prefix name="snippets" label="Profile Snippets" language_tag="en" language_label="English"><key name="active_section_label"><value>Active</value></key><key name="admin_heading"><value>Profile Snippets</value></key><key name="admin_help_brief"><value>Since the plugin adds a widget to &lt;a href="{$userSettings}" target="_blank"&gt;User Profile&lt;/a&gt; page, you can configure it there.</value></key><key name="config_step1"><value>Follow to &lt;a href="{$userSettings}" target="_blank"&gt;User Profile settings&lt;/a&gt; page</value></key><key name="config_step2"><value>Click the edit widget button ( highlighted on the image below ) on the "Profile Snippets" widget</value></key><key name="config_step3"><value>You will see the widget settings popup.</value></key><key name="config_steps_end"><value>That is all! You can change default settings of the widget in this popup.&lt;br /&gt;
You can rearrange the snippets list, hide some of them, etc...
&lt;br /&gt;
&lt;br /&gt;
But do not forget that users are able to overwrite this settings. To disallow them doing it you can check the "Freeze" option of the settings.</value></key><key name="config_steps_label"><value>Follow next simple instructions to find these settings:</value></key><key name="empty_active_section"><value>Drag snippets here to make them visible</value></key><key name="empty_hidden_section"><value>Drag snippets here to hide them</value></key><key name="hidden_section_label"><value>Hidden</value></key><key name="hide_empty_snippets_label"><value>Hide empty</value></key><key name="leave_review_suggest"><value>Please, &lt;a href="{$pluginUrl}" target="_blank"&gt;leave a review&lt;/a&gt;  if you liked the plugin.</value></key><key name="no_items"><value>No items to display</value></key><key name="snippet_events"><value>Events: {$count}</value></key><key name="snippet_events_preview"><value>Events</value></key><key name="snippet_friends"><value>Friends: {$count}</value></key><key name="snippet_friends_preview"><value>Friends</value></key><key name="snippet_groups"><value>Groups: {$count}</value></key><key name="snippet_groups_preview"><value>Groups</value></key><key name="snippet_photos"><value>Photos: {$count}</value></key><key name="snippet_photo_preview"><value>Photos</value></key><key name="snippet_video"><value>Videos: {$count}</value></key><key name="snippet_video_preview"><value>Videos</value></key><key name="snippet_virtual_gifts"><value>Gifts: {$count}</value></key><key name="snippet_virtual_gifts_preview"><value>Gifts</value></key><key name="widget_user_title"><value>Profile Snippets</value></key></prefix>
